M,N,K,Raster,Swizzle,Decomposition,Splits,AvgRuntime_ms,TFLOPS,WorktileCount
128,128,128,Heuristic,1,Heuristic,1,0.00722688,0.580375,0
128,128,128,Heuristic,2,Heuristic,1,0.00706112,0.594,0
128,128,128,Heuristic,4,Heuristic,1,0.00724832,0.578659,0
128,128,128,Heuristic,8,Heuristic,1,0.00723872,0.579426,0
128,128,128,Along N,1,Heuristic,1,0.0073952,0.567166,0
128,128,128,Along N,2,Heuristic,1,0.00726016,0.577715,0
128,128,128,Along N,4,Heuristic,1,0.0072528,0.578301,0
128,128,128,Along N,8,Heuristic,1,0.00703712,0.596026,0
128,128,128,Along M,1,Heuristic,1,0.00704864,0.595052,0
128,128,128,Along M,2,Heuristic,1,0.00723936,0.579375,0
128,128,128,Along M,4,Heuristic,1,0.00701952,0.59752,0
128,128,128,Along M,8,Heuristic,1,0.00710176,0.590601,0
128,128,128,Heuristic,1,StreamK,1,0.00709248,0.591373,0
128,128,128,Heuristic,2,StreamK,1,0.007128,0.588426,0
128,128,128,Heuristic,4,StreamK,1,0.00723232,0.579939,0
128,128,128,Heuristic,8,StreamK,1,0.00710368,0.590441,0
128,128,128,Along N,1,StreamK,1,0.0072352,0.579708,0
128,128,128,Along N,2,StreamK,1,0.00709312,0.59132,0
128,128,128,Along N,4,StreamK,1,0.00706016,0.594081,0
128,128,128,Along N,8,StreamK,1,0.00707488,0.592845,0
128,128,128,Along M,1,StreamK,1,0.0072464,0.578812,0
128,128,128,Along M,2,StreamK,1,0.00720576,0.582077,0
128,128,128,Along M,4,StreamK,1,0.00708448,0.592041,0
128,128,128,Along M,8,StreamK,1,0.0072176,0.581122,0
128,128,128,Heuristic,1,SplitK,1,0.00728096,0.576065,0
128,128,128,Heuristic,1,SplitK,2,0.0119453,0.351126,0
128,128,128,Heuristic,1,SplitK,3,0.0120525,0.348003,0
128,128,128,Heuristic,1,SplitK,4,0.0119082,0.352221,0
128,128,128,Heuristic,2,SplitK,1,0.00723456,0.579759,0
128,128,128,Heuristic,2,SplitK,2,0.0120118,0.349181,0
128,128,128,Heuristic,2,SplitK,3,0.0120198,0.348948,0
128,128,128,Heuristic,2,SplitK,4,0.011904,0.352344,0
128,128,128,Heuristic,4,SplitK,1,0.0072576,0.577919,0
128,128,128,Heuristic,4,SplitK,2,0.0119754,0.350245,0
128,128,128,Heuristic,4,SplitK,3,0.0120224,0.348874,0
128,128,128,Heuristic,4,SplitK,4,0.0120163,0.349051,0
128,128,128,Heuristic,8,SplitK,1,0.00713632,0.58774,0
128,128,128,Heuristic,8,SplitK,2,0.0120154,0.349078,0
128,128,128,Heuristic,8,SplitK,3,0.0120342,0.348531,0
128,128,128,Heuristic,8,SplitK,4,0.011897,0.352553,0
128,128,128,Along N,1,SplitK,1,0.00724544,0.578889,0
128,128,128,Along N,1,SplitK,2,0.0118957,0.352591,0
128,128,128,Along N,1,SplitK,3,0.0118906,0.352742,0
128,128,128,Along N,1,SplitK,4,0.0120243,0.348818,0
128,128,128,Along N,2,SplitK,1,0.00710752,0.590122,0
128,128,128,Along N,2,SplitK,2,0.0118794,0.353075,0
128,128,128,Along N,2,SplitK,3,0.0118886,0.352799,0
128,128,128,Along N,2,SplitK,4,0.0120214,0.348902,0
128,128,128,Along N,4,SplitK,1,0.00728256,0.575938,0
128,128,128,Along N,4,SplitK,2,0.0118803,0.353046,0
128,128,128,Along N,4,SplitK,3,0.0119318,0.351522,0
128,128,128,Along N,4,SplitK,4,0.0120528,0.347994,0
128,128,128,Along N,8,SplitK,1,0.00721376,0.581431,0
128,128,128,Along N,8,SplitK,2,0.0120336,0.348549,0
128,128,128,Along N,8,SplitK,3,0.0119267,0.351673,0
128,128,128,Along N,8,SplitK,4,0.0120195,0.348958,0
128,128,128,Along M,1,SplitK,1,0.00724096,0.579247,0
128,128,128,Along M,1,SplitK,2,0.0120365,0.348466,0
128,128,128,Along M,1,SplitK,3,0.0119101,0.352164,0
128,128,128,Along M,1,SplitK,4,0.011895,0.352609,0
128,128,128,Along M,2,SplitK,1,0.00707456,0.592871,0
128,128,128,Along M,2,SplitK,2,0.0118832,0.352961,0
128,128,128,Along M,2,SplitK,3,0.0119277,0.351645,0
128,128,128,Along M,2,SplitK,4,0.011887,0.352847,0
128,128,128,Along M,4,SplitK,1,0.00722496,0.58053,0
128,128,128,Along M,4,SplitK,2,0.0120237,0.348837,0
128,128,128,Along M,4,SplitK,3,0.0120218,0.348893,0
128,128,128,Along M,4,SplitK,4,0.0120544,0.347948,0
128,128,128,Along M,8,SplitK,1,0.00705312,0.594674,0
128,128,128,Along M,8,SplitK,2,0.0119014,0.35242,0
128,128,128,Along M,8,SplitK,3,0.0118733,0.353256,0
128,128,128,Along M,8,SplitK,4,0.0119222,0.351805,0
128,128,128,Heuristic,1,DataParallel,1,0.00723456,0.579759,0
128,128,128,Heuristic,2,DataParallel,1,0.00723616,0.579631,0
128,128,128,Heuristic,4,DataParallel,1,0.00723808,0.579477,0
128,128,128,Heuristic,8,DataParallel,1,0.0072736,0.576648,0
128,128,128,Along N,1,DataParallel,1,0.00706048,0.594054,0
128,128,128,Along N,2,DataParallel,1,0.00717376,0.584673,0
128,128,128,Along N,4,DataParallel,1,0.0072352,0.579708,0
128,128,128,Along N,8,DataParallel,1,0.0070624,0.593892,0
128,128,128,Along M,1,DataParallel,1,0.0072352,0.579708,0
128,128,128,Along M,2,DataParallel,1,0.00723168,0.57999,0
128,128,128,Along M,4,DataParallel,1,0.0070736,0.592952,0
128,128,128,Along M,8,DataParallel,1,0.00711328,0.589644,0
256,256,256,Heuristic,1,Heuristic,1,0.00841088,3.98941,2
256,256,256,Heuristic,2,Heuristic,1,0.00839552,3.99671,2
256,256,256,Heuristic,4,Heuristic,1,0.00839424,3.99732,2
256,256,256,Heuristic,8,Heuristic,1,0.00839744,3.99579,2
256,256,256,Along N,1,Heuristic,1,0.0082064,4.08881,2
256,256,256,Along N,2,Heuristic,1,0.00838432,4.00205,2
256,256,256,Along N,4,Heuristic,1,0.00838592,4.00128,2
256,256,256,Along N,8,Heuristic,1,0.00824032,4.07198,2
256,256,256,Along M,1,Heuristic,1,0.00822624,4.07895,2
256,256,256,Along M,2,Heuristic,1,0.00825344,4.06551,2
256,256,256,Along M,4,Heuristic,1,0.00825792,4.0633,2
256,256,256,Along M,8,Heuristic,1,0.00819968,4.09216,2
256,256,256,Heuristic,1,StreamK,1,0.00832992,4.02818,2
256,256,256,Heuristic,2,StreamK,1,0.00822368,4.08022,2
256,256,256,Heuristic,4,StreamK,1,0.00838464,4.00189,2
256,256,256,Heuristic,8,StreamK,1,0.0082048,4.08961,2
256,256,256,Along N,1,StreamK,1,0.00839392,3.99747,2
256,256,256,Along N,2,StreamK,1,0.00826592,4.05937,2
256,256,256,Along N,4,StreamK,1,0.00838784,4.00037,2
256,256,256,Along N,8,StreamK,1,0.00820832,4.08786,2
256,256,256,Along M,1,StreamK,1,0.00821376,4.08515,2
256,256,256,Along M,2,StreamK,1,0.00832448,4.03081,2
256,256,256,Along M,4,StreamK,1,0.00839616,3.9964,2
256,256,256,Along M,8,StreamK,1,0.00837792,4.0051,2
256,256,256,Heuristic,1,SplitK,1,0.0082544,4.06504,2
256,256,256,Heuristic,1,SplitK,2,0.0128317,2.61497,2
256,256,256,Heuristic,1,SplitK,3,0.0165334,2.02949,2
256,256,256,Heuristic,1,SplitK,4,0.0191146,1.75544,2
256,256,256,Heuristic,2,SplitK,1,0.0082464,4.06898,2
256,256,256,Heuristic,2,SplitK,2,0.0128067,2.62006,2
256,256,256,Heuristic,2,SplitK,3,0.0164346,2.0417,2
256,256,256,Heuristic,2,SplitK,4,0.0190624,1.76024,2
256,256,256,Heuristic,4,SplitK,1,0.00819296,4.09552,2
256,256,256,Heuristic,4,SplitK,2,0.0127034,2.64138,2
256,256,256,Heuristic,4,SplitK,3,0.0164253,2.04285,2
256,256,256,Heuristic,4,SplitK,4,0.0190704,1.7595,2
256,256,256,Heuristic,8,SplitK,1,0.0084272,3.98168,2
256,256,256,Heuristic,8,SplitK,2,0.0126976,2.64258,2
256,256,256,Heuristic,8,SplitK,3,0.0164563,2.039,2
256,256,256,Heuristic,8,SplitK,4,0.0191686,1.75049,2
256,256,256,Along N,1,SplitK,1,0.00825344,4.06551,2
256,256,256,Along N,1,SplitK,2,0.0127238,2.63713,2
256,256,256,Along N,1,SplitK,3,0.0165395,2.02874,2
256,256,256,Along N,1,SplitK,4,0.0190659,1.75992,2
256,256,256,Along N,2,SplitK,1,0.00822176,4.08117,2
256,256,256,Along N,2,SplitK,2,0.0127674,2.62814,2
256,256,256,Along N,2,SplitK,3,0.0164512,2.03963,2
256,256,256,Along N,2,SplitK,4,0.0192544,1.74269,2
256,256,256,Along N,4,SplitK,1,0.0082176,4.08324,2
256,256,256,Along N,4,SplitK,2,0.0128163,2.6181,2
256,256,256,Along N,4,SplitK,3,0.0165715,2.02483,2
256,256,256,Along N,4,SplitK,4,0.0191814,1.74932,2
256,256,256,Along N,8,SplitK,1,0.008376,4.00602,2
256,256,256,Along N,8,SplitK,2,0.0128445,2.61236,2
256,256,256,Along N,8,SplitK,3,0.016551,2.02733,2
256,256,256,Along N,8,SplitK,4,0.0192128,1.74646,2
256,256,256,Along M,1,SplitK,1,0.00825632,4.06409,2
256,256,256,Along M,1,SplitK,2,0.0127104,2.63992,2
256,256,256,Along M,1,SplitK,3,0.0164163,2.04397,2
256,256,256,Along M,1,SplitK,4,0.0191894,1.74859,2
256,256,256,Along M,2,SplitK,1,0.00822944,4.07737,2
256,256,256,Along M,2,SplitK,2,0.0126954,2.64305,2
256,256,256,Along M,2,SplitK,3,0.0164435,2.04059,2
256,256,256,Along M,2,SplitK,4,0.0191837,1.74911,2
256,256,256,Along M,4,SplitK,1,0.00841504,3.98744,2
256,256,256,Along M,4,SplitK,2,0.0127222,2.63746,2
256,256,256,Along M,4,SplitK,3,0.0164637,2.03809,2
256,256,256,Along M,4,SplitK,4,0.0190544,1.76098,2
256,256,256,Along M,8,SplitK,1,0.00822464,4.07974,2
256,256,256,Along M,8,SplitK,2,0.0128106,2.61928,2
256,256,256,Along M,8,SplitK,3,0.0164765,2.0365,2
256,256,256,Along M,8,SplitK,4,0.0191971,1.74789,2
256,256,256,Heuristic,1,DataParallel,1,0.00824736,4.06851,2
256,256,256,Heuristic,2,DataParallel,1,0.00842784,3.98138,2
256,256,256,Heuristic,4,DataParallel,1,0.00825152,4.06645,2
256,256,256,Heuristic,8,DataParallel,1,0.00820064,4.09168,2
256,256,256,Along N,1,DataParallel,1,0.00841216,3.9888,2
256,256,256,Along N,2,DataParallel,1,0.00821984,4.08213,2
256,256,256,Along N,4,DataParallel,1,0.00824896,4.06772,2
256,256,256,Along N,8,DataParallel,1,0.00838656,4.00098,2
256,256,256,Along M,1,DataParallel,1,0.00821792,4.08308,2
256,256,256,Along M,2,DataParallel,1,0.00828192,4.05153,2
256,256,256,Along M,4,DataParallel,1,0.0084176,3.98622,2
256,256,256,Along M,8,DataParallel,1,0.0082288,4.07768,2
512,512,512,Heuristic,1,Heuristic,1,0.0109632,24.4851,8
512,512,512,Heuristic,2,Heuristic,1,0.0107517,24.9668,8
512,512,512,Heuristic,4,Heuristic,1,0.0107402,24.9936,8
512,512,512,Heuristic,8,Heuristic,1,0.010897,24.634,8
512,512,512,Along N,1,Heuristic,1,0.010793,24.8713,8
512,512,512,Along N,2,Heuristic,1,0.0108176,24.8147,8
512,512,512,Along N,4,Heuristic,1,0.0107491,24.9728,8
512,512,512,Along N,8,Heuristic,1,0.0108749,24.684,8
512,512,512,Along M,1,Heuristic,1,0.0107283,25.0212,8
512,512,512,Along M,2,Heuristic,1,0.0109629,24.4859,8
512,512,512,Along M,4,Heuristic,1,0.010815,24.8206,8
512,512,512,Along M,8,Heuristic,1,0.0107488,24.9735,8
512,512,512,Heuristic,1,StreamK,1,0.010737,25.0011,8
512,512,512,Heuristic,2,StreamK,1,0.0109085,24.608,8
512,512,512,Heuristic,4,StreamK,1,0.0107254,25.0279,8
512,512,512,Heuristic,8,StreamK,1,0.0107232,25.0331,8
512,512,512,Along N,1,StreamK,1,0.0107651,24.9357,8
512,512,512,Along N,2,StreamK,1,0.0109078,24.6094,8
512,512,512,Along N,4,StreamK,1,0.0107286,25.0205,8
512,512,512,Along N,8,StreamK,1,0.0107165,25.0488,8
512,512,512,Along M,1,StreamK,1,0.0109267,24.5669,8
512,512,512,Along M,2,StreamK,1,0.010935,24.5482,8
512,512,512,Along M,4,StreamK,1,0.0108173,24.8154,8
512,512,512,Along M,8,StreamK,1,0.010799,24.8573,8
512,512,512,Heuristic,1,SplitK,1,0.0107997,24.8559,8
512,512,512,Heuristic,1,SplitK,2,0.0145248,18.4812,8
512,512,512,Heuristic,1,SplitK,3,0.0176234,15.2318,8
512,512,512,Heuristic,1,SplitK,4,0.0205219,13.0804,8
512,512,512,Heuristic,2,SplitK,1,0.010905,24.6159,8
512,512,512,Heuristic,2,SplitK,2,0.0144362,18.5947,8
512,512,512,Heuristic,2,SplitK,3,0.0177293,15.1408,8
512,512,512,Heuristic,2,SplitK,4,0.0205021,13.0931,8
512,512,512,Heuristic,4,SplitK,1,0.0109149,24.5935,8
512,512,512,Heuristic,4,SplitK,2,0.0145667,18.428,8
512,512,512,Heuristic,4,SplitK,3,0.0175869,15.2634,8
512,512,512,Heuristic,4,SplitK,4,0.0204883,13.1019,8
512,512,512,Heuristic,8,SplitK,1,0.0107427,24.9877,8
512,512,512,Heuristic,8,SplitK,2,0.0145421,18.4592,8
512,512,512,Heuristic,8,SplitK,3,0.0177114,15.1561,8
512,512,512,Heuristic,8,SplitK,4,0.020361,13.1838,8
512,512,512,Along N,1,SplitK,1,0.0109306,24.5583,8
512,512,512,Along N,1,SplitK,2,0.0144752,18.5445,8
512,512,512,Along N,1,SplitK,3,0.0177306,15.1397,8
512,512,512,Along N,1,SplitK,4,0.0204938,13.0984,8
512,512,512,Along N,2,SplitK,1,0.0109328,24.5532,8
512,512,512,Along N,2,SplitK,2,0.0144378,18.5926,8
512,512,512,Along N,2,SplitK,3,0.0176032,15.2492,8
512,512,512,Along N,2,SplitK,4,0.0205082,13.0892,8
512,512,512,Along N,4,SplitK,1,0.0109062,24.613,8
512,512,512,Along N,4,SplitK,2,0.0144461,18.5819,8
512,512,512,Along N,4,SplitK,3,0.017697,15.1685,8
512,512,512,Along N,4,SplitK,4,0.0203936,13.1627,8
512,512,512,Along N,8,SplitK,1,0.0109117,24.6007,8
512,512,512,Along N,8,SplitK,2,0.014552,18.4466,8
512,512,512,Along N,8,SplitK,3,0.0177197,15.149,8
512,512,512,Along N,8,SplitK,4,0.0204621,13.1187,8
512,512,512,Along M,1,SplitK,1,0.0109357,24.5468,8
512,512,512,Along M,1,SplitK,2,0.0144749,18.5449,8
512,512,512,Along M,1,SplitK,3,0.0177306,15.1397,8
512,512,512,Along M,1,SplitK,4,0.0205328,13.0735,8
512,512,512,Along M,2,SplitK,1,0.0109478,24.5195,8
512,512,512,Along M,2,SplitK,2,0.0144266,18.607,8
512,512,512,Along M,2,SplitK,3,0.0176221,15.2329,8
512,512,512,Along M,2,SplitK,4,0.0205248,13.0786,8
512,512,512,Along M,4,SplitK,1,0.0107264,25.0257,8
512,512,512,Along M,4,SplitK,2,0.0145936,18.3941,8
512,512,512,Along M,4,SplitK,3,0.0176374,15.2196,8
512,512,512,Along M,4,SplitK,4,0.0203885,13.166,8
512,512,512,Along M,8,SplitK,1,0.0107462,24.9795,8
512,512,512,Along M,8,SplitK,2,0.014439,18.5909,8
512,512,512,Along M,8,SplitK,3,0.0177498,15.1233,8
512,512,512,Along M,8,SplitK,4,0.0205373,13.0706,8
512,512,512,Heuristic,1,DataParallel,1,0.010936,24.546,8
512,512,512,Heuristic,2,DataParallel,1,0.0107821,24.8964,8
512,512,512,Heuristic,4,DataParallel,1,0.010912,24.6,8
512,512,512,Heuristic,8,DataParallel,1,0.0108621,24.7131,8
512,512,512,Along N,1,DataParallel,1,0.0107968,24.8625,8
512,512,512,Along N,2,DataParallel,1,0.0108995,24.6282,8
512,512,512,Along N,4,DataParallel,1,0.0109309,24.5575,8
512,512,512,Along N,8,DataParallel,1,0.0108765,24.6804,8
512,512,512,Along M,1,DataParallel,1,0.010711,25.0616,8
512,512,512,Along M,2,DataParallel,1,0.0107347,25.0063,8
512,512,512,Along M,4,DataParallel,1,0.0107987,24.8581,8
512,512,512,Along M,8,DataParallel,1,0.0109494,24.5159,8
1024,1024,1024,Heuristic,1,Heuristic,1,0.0185718,115.631,32
1024,1024,1024,Heuristic,2,Heuristic,1,0.0184211,116.577,32
1024,1024,1024,Heuristic,4,Heuristic,1,0.0184128,116.63,32
1024,1024,1024,Heuristic,8,Heuristic,1,0.0184285,116.531,32
1024,1024,1024,Along N,1,Heuristic,1,0.0184986,116.089,32
1024,1024,1024,Along N,2,Heuristic,1,0.0185382,115.841,32
1024,1024,1024,Along N,4,Heuristic,1,0.0184374,116.474,32
1024,1024,1024,Along N,8,Heuristic,1,0.0184938,116.119,32
1024,1024,1024,Along M,1,Heuristic,1,0.0184189,116.591,32
1024,1024,1024,Along M,2,Heuristic,1,0.0184906,116.139,32
1024,1024,1024,Along M,4,Heuristic,1,0.0184845,116.178,32
1024,1024,1024,Along M,8,Heuristic,1,0.0184912,116.135,32
1024,1024,1024,Heuristic,1,StreamK,1,0.017247,124.513,32
1024,1024,1024,Heuristic,2,StreamK,1,0.0171821,124.984,32
1024,1024,1024,Heuristic,4,StreamK,1,0.0171264,125.39,32
1024,1024,1024,Heuristic,8,StreamK,1,0.0172272,124.657,32
1024,1024,1024,Along N,1,StreamK,1,0.0171635,125.119,32
1024,1024,1024,Along N,2,StreamK,1,0.017239,124.571,32
1024,1024,1024,Along N,4,StreamK,1,0.0171392,125.297,32
1024,1024,1024,Along N,8,StreamK,1,0.0171264,125.39,32
1024,1024,1024,Along M,1,StreamK,1,0.0171485,125.229,32
1024,1024,1024,Along M,2,StreamK,1,0.0171974,124.872,32
1024,1024,1024,Along M,4,StreamK,1,0.0171475,125.236,32
1024,1024,1024,Along M,8,StreamK,1,0.0171459,125.248,32
1024,1024,1024,Heuristic,1,SplitK,1,0.0159917,134.288,32
1024,1024,1024,Heuristic,1,SplitK,2,0.0186086,115.403,32
1024,1024,1024,Heuristic,1,SplitK,3,0.0218758,98.1669,32
1024,1024,1024,Heuristic,1,SplitK,4,0.0250826,85.6166,32
1024,1024,1024,Heuristic,2,SplitK,1,0.0158384,135.587,32
1024,1024,1024,Heuristic,2,SplitK,2,0.0184102,116.646,32
1024,1024,1024,Heuristic,2,SplitK,3,0.021969,97.7508,32
1024,1024,1024,Heuristic,2,SplitK,4,0.0251136,85.5108,32
1024,1024,1024,Heuristic,4,SplitK,1,0.0159648,134.514,32
1024,1024,1024,Heuristic,4,SplitK,2,0.0184445,116.43,32
1024,1024,1024,Heuristic,4,SplitK,3,0.0219856,97.6768,32
1024,1024,1024,Heuristic,4,SplitK,4,0.0252406,85.0804,32
1024,1024,1024,Heuristic,8,SplitK,1,0.0157866,136.032,32
1024,1024,1024,Heuristic,8,SplitK,2,0.0185034,116.059,32
1024,1024,1024,Heuristic,8,SplitK,3,0.0218826,98.1368,32
1024,1024,1024,Heuristic,8,SplitK,4,0.0250966,85.5686,32
1024,1024,1024,Along N,1,SplitK,1,0.0160595,133.72,32
1024,1024,1024,Along N,1,SplitK,2,0.0184803,116.204,32
1024,1024,1024,Along N,1,SplitK,3,0.0218742,98.1741,32
1024,1024,1024,Along N,1,SplitK,4,0.0250726,85.6505,32
1024,1024,1024,Along N,2,SplitK,1,0.0158394,135.579,32
1024,1024,1024,Along N,2,SplitK,2,0.0185149,115.987,32
1024,1024,1024,Along N,2,SplitK,3,0.0218598,98.2388,32
1024,1024,1024,Along N,2,SplitK,4,0.0252301,85.116,32
1024,1024,1024,Along N,4,SplitK,1,0.0158064,135.862,32
1024,1024,1024,Along N,4,SplitK,2,0.0183795,116.841,32
1024,1024,1024,Along N,4,SplitK,3,0.021832,98.364,32
1024,1024,1024,Along N,4,SplitK,4,0.025167,85.3292,32
1024,1024,1024,Along N,8,SplitK,1,0.0159952,134.258,32
1024,1024,1024,Along N,8,SplitK,2,0.0185277,115.907,32
1024,1024,1024,Along N,8,SplitK,3,0.021879,98.1526,32
1024,1024,1024,Along N,8,SplitK,4,0.0251875,85.2598,32
1024,1024,1024,Along M,1,SplitK,1,0.0158688,135.327,32
1024,1024,1024,Along M,1,SplitK,2,0.0184221,116.571,32
1024,1024,1024,Along M,1,SplitK,3,0.0219862,97.674,32
1024,1024,1024,Along M,1,SplitK,4,0.0252154,85.1657,32
1024,1024,1024,Along M,2,SplitK,1,0.0158282,135.675,32
1024,1024,1024,Along M,2,SplitK,2,0.0183882,116.786,32
1024,1024,1024,Along M,2,SplitK,3,0.0219494,97.8377,32
1024,1024,1024,Along M,2,SplitK,4,0.025023,85.8203,32
1024,1024,1024,Along M,4,SplitK,1,0.0159514,134.627,32
1024,1024,1024,Along M,4,SplitK,2,0.0185827,115.563,32
1024,1024,1024,Along M,4,SplitK,3,0.0218963,98.0751,32
1024,1024,1024,Along M,4,SplitK,4,0.0251814,85.2804,32
1024,1024,1024,Along M,8,SplitK,1,0.0160179,134.068,32
1024,1024,1024,Along M,8,SplitK,2,0.0186032,115.436,32
1024,1024,1024,Along M,8,SplitK,3,0.0218774,98.1597,32
1024,1024,1024,Along M,8,SplitK,4,0.0252307,85.1138,32
1024,1024,1024,Heuristic,1,DataParallel,1,0.0160528,133.776,32
1024,1024,1024,Heuristic,2,DataParallel,1,0.0160189,134.06,32
1024,1024,1024,Heuristic,4,DataParallel,1,0.0157882,136.019,32
1024,1024,1024,Heuristic,8,DataParallel,1,0.0159696,134.473,32
1024,1024,1024,Along N,1,DataParallel,1,0.0160102,134.132,32
1024,1024,1024,Along N,2,DataParallel,1,0.0157968,135.944,32
1024,1024,1024,Along N,4,DataParallel,1,0.0157904,135.999,32
1024,1024,1024,Along N,8,DataParallel,1,0.0160163,134.081,32
1024,1024,1024,Along M,1,DataParallel,1,0.0159731,134.444,32
1024,1024,1024,Along M,2,DataParallel,1,0.0157834,136.06,32
1024,1024,1024,Along M,4,DataParallel,1,0.0159053,135.017,32
1024,1024,1024,Along M,8,DataParallel,1,0.0160198,134.052,32
2048,2048,2048,Heuristic,1,Heuristic,1,0.0256438,669.941,128
2048,2048,2048,Heuristic,2,Heuristic,1,0.025473,674.436,128
2048,2048,2048,Heuristic,4,Heuristic,1,0.0255942,671.24,128
2048,2048,2048,Heuristic,8,Heuristic,1,0.025616,670.669,128
2048,2048,2048,Along N,1,Heuristic,1,0.025969,661.554,128
2048,2048,2048,Along N,2,Heuristic,1,0.0255373,672.737,128
2048,2048,2048,Along N,4,Heuristic,1,0.0258637,664.247,128
2048,2048,2048,Along N,8,Heuristic,1,0.0261062,658.075,128
2048,2048,2048,Along M,1,Heuristic,1,0.0258739,663.984,128
2048,2048,2048,Along M,2,Heuristic,1,0.0254746,674.393,128
2048,2048,2048,Along M,4,Heuristic,1,0.0261581,656.771,128
2048,2048,2048,Along M,8,Heuristic,1,0.0257923,666.085,128
2048,2048,2048,Heuristic,1,StreamK,1,0.0339565,505.938,128
2048,2048,2048,Heuristic,2,StreamK,1,0.0329117,521.999,128
2048,2048,2048,Heuristic,4,StreamK,1,0.0328829,522.456,128
2048,2048,2048,Heuristic,8,StreamK,1,0.0338086,508.15,128
2048,2048,2048,Along N,1,StreamK,1,0.0330448,519.896,128
2048,2048,2048,Along N,2,StreamK,1,0.0330448,519.896,128
2048,2048,2048,Along N,4,StreamK,1,0.0336256,510.916,128
2048,2048,2048,Along N,8,StreamK,1,0.0330803,519.338,128
2048,2048,2048,Along M,1,StreamK,1,0.0342166,502.091,128
2048,2048,2048,Along M,2,StreamK,1,0.0331002,519.027,128
2048,2048,2048,Along M,4,StreamK,1,0.0338262,507.886,128
2048,2048,2048,Along M,8,StreamK,1,0.0329933,520.708,128
2048,2048,2048,Heuristic,1,SplitK,1,0.0255514,672.366,128
2048,2048,2048,Heuristic,1,SplitK,2,0.0368848,465.771,128
2048,2048,2048,Heuristic,1,SplitK,3,0.0490499,350.253,128
2048,2048,2048,Heuristic,1,SplitK,4,0.0587459,292.444,128
2048,2048,2048,Heuristic,2,SplitK,1,0.0259152,662.926,128
2048,2048,2048,Heuristic,2,SplitK,2,0.0365203,470.419,128
2048,2048,2048,Heuristic,2,SplitK,3,0.0489504,350.965,128
2048,2048,2048,Heuristic,2,SplitK,4,0.0587021,292.662,128
2048,2048,2048,Heuristic,4,SplitK,1,0.0256733,669.173,128
2048,2048,2048,Heuristic,4,SplitK,2,0.0366698,468.502,128
2048,2048,2048,Heuristic,4,SplitK,3,0.0491373,349.63,128
2048,2048,2048,Heuristic,4,SplitK,4,0.0583584,294.386,128
2048,2048,2048,Heuristic,8,SplitK,1,0.0255747,671.752,128
2048,2048,2048,Heuristic,8,SplitK,2,0.0366576,468.658,128
2048,2048,2048,Heuristic,8,SplitK,3,0.048768,352.277,128
2048,2048,2048,Heuristic,8,SplitK,4,0.058128,295.552,128
2048,2048,2048,Along N,1,SplitK,1,0.025703,668.398,128
2048,2048,2048,Along N,1,SplitK,2,0.0367859,467.023,128
2048,2048,2048,Along N,1,SplitK,3,0.0489386,351.05,128
2048,2048,2048,Along N,1,SplitK,4,0.0584704,293.822,128
2048,2048,2048,Along N,2,SplitK,1,0.0255645,672.021,128
2048,2048,2048,Along N,2,SplitK,2,0.0364,471.974,128
2048,2048,2048,Along N,2,SplitK,3,0.0485744,353.682,128
2048,2048,2048,Along N,2,SplitK,4,0.058568,293.332,128
2048,2048,2048,Along N,4,SplitK,1,0.025624,670.46,128
2048,2048,2048,Along N,4,SplitK,2,0.0365034,470.638,128
2048,2048,2048,Along N,4,SplitK,3,0.0490067,350.562,128
2048,2048,2048,Along N,4,SplitK,4,0.0580742,295.826,128
2048,2048,2048,Along N,8,SplitK,1,0.0260045,660.65,128
2048,2048,2048,Along N,8,SplitK,2,0.0365117,470.531,128
2048,2048,2048,Along N,8,SplitK,3,0.0488269,351.853,128
2048,2048,2048,Along N,8,SplitK,4,0.0580931,295.73,128
2048,2048,2048,Along M,1,SplitK,1,0.0259539,661.937,128
2048,2048,2048,Along M,1,SplitK,2,0.0367469,467.519,128
2048,2048,2048,Along M,1,SplitK,3,0.0485005,354.221,128
2048,2048,2048,Along M,1,SplitK,4,0.0580486,295.956,128
2048,2048,2048,Along M,2,SplitK,1,0.0257174,668.024,128
2048,2048,2048,Along M,2,SplitK,2,0.0366198,469.141,128
2048,2048,2048,Along M,2,SplitK,3,0.0487811,352.183,128
2048,2048,2048,Along M,2,SplitK,4,0.0581773,295.302,128
2048,2048,2048,Along M,4,SplitK,1,0.0260106,660.496,128
2048,2048,2048,Along M,4,SplitK,2,0.0367123,467.959,128
2048,2048,2048,Along M,4,SplitK,3,0.0487302,352.55,128
2048,2048,2048,Along M,4,SplitK,4,0.0581917,295.229,128
2048,2048,2048,Along M,8,SplitK,1,0.0258416,664.814,128
2048,2048,2048,Along M,8,SplitK,2,0.036728,467.759,128
2048,2048,2048,Along M,8,SplitK,3,0.0486768,352.938,128
2048,2048,2048,Along M,8,SplitK,4,0.0581427,295.478,128
2048,2048,2048,Heuristic,1,DataParallel,1,0.0261565,656.811,128
2048,2048,2048,Heuristic,2,DataParallel,1,0.0256752,669.123,128
2048,2048,2048,Heuristic,4,DataParallel,1,0.0255507,672.383,128
2048,2048,2048,Heuristic,8,DataParallel,1,0.0261206,657.712,128
2048,2048,2048,Along N,1,DataParallel,1,0.0255811,671.584,128
2048,2048,2048,Along N,2,DataParallel,1,0.0255504,672.391,128
2048,2048,2048,Along N,4,DataParallel,1,0.0260733,658.907,128
2048,2048,2048,Along N,8,DataParallel,1,0.025704,668.373,128
2048,2048,2048,Along M,1,DataParallel,1,0.0260653,659.109,128
2048,2048,2048,Along M,2,DataParallel,1,0.0261382,657.27,128
2048,2048,2048,Along M,4,DataParallel,1,0.0261958,655.824,128
2048,2048,2048,Along M,8,DataParallel,1,0.0256314,670.268,128
4096,4096,4096,Heuristic,1,Heuristic,1,0.194019,708.378,512
4096,4096,4096,Heuristic,2,Heuristic,1,0.163956,838.268,512
4096,4096,4096,Heuristic,4,Heuristic,1,0.164217,836.934,512
4096,4096,4096,Heuristic,8,Heuristic,1,0.163775,839.194,512
4096,4096,4096,Along N,1,Heuristic,1,0.197465,696.017,512
4096,4096,4096,Along N,2,Heuristic,1,0.162749,844.484,512
4096,4096,4096,Along N,4,Heuristic,1,0.162961,843.384,512
4096,4096,4096,Along N,8,Heuristic,1,0.163736,839.392,512
4096,4096,4096,Along M,1,Heuristic,1,0.163815,838.987,512
4096,4096,4096,Along M,2,Heuristic,1,0.161367,851.716,512
4096,4096,4096,Along M,4,Heuristic,1,0.163884,838.638,512
4096,4096,4096,Along M,8,Heuristic,1,0.164007,838.008,512
4096,4096,4096,Heuristic,1,StreamK,1,0.205484,668.853,512
4096,4096,4096,Heuristic,2,StreamK,1,0.174158,789.162,512
4096,4096,4096,Heuristic,4,StreamK,1,0.170639,805.435,512
4096,4096,4096,Heuristic,8,StreamK,1,0.170468,806.243,512
4096,4096,4096,Along N,1,StreamK,1,0.202767,677.818,512
4096,4096,4096,Along N,2,StreamK,1,0.17402,789.789,512
4096,4096,4096,Along N,4,StreamK,1,0.17214,798.416,512
4096,4096,4096,Along N,8,StreamK,1,0.170097,808.004,512
4096,4096,4096,Along M,1,StreamK,1,0.174104,789.406,512
4096,4096,4096,Along M,2,StreamK,1,0.170004,808.443,512
4096,4096,4096,Along M,4,StreamK,1,0.183443,749.221,512
4096,4096,4096,Along M,8,StreamK,1,0.187647,732.435,512
4096,4096,4096,Heuristic,1,SplitK,1,0.19432,707.283,512
4096,4096,4096,Heuristic,1,SplitK,2,0.231994,592.424,512
4096,4096,4096,Heuristic,1,SplitK,3,0.280363,490.218,512
4096,4096,4096,Heuristic,1,SplitK,4,0.331476,414.627,512
4096,4096,4096,Heuristic,2,SplitK,1,0.162885,843.78,512
4096,4096,4096,Heuristic,2,SplitK,2,0.21627,635.496,512
4096,4096,4096,Heuristic,2,SplitK,3,0.266207,516.287,512
4096,4096,4096,Heuristic,2,SplitK,4,0.318107,432.053,512
4096,4096,4096,Heuristic,4,SplitK,1,0.162828,844.075,512
4096,4096,4096,Heuristic,4,SplitK,2,0.216219,635.648,512
4096,4096,4096,Heuristic,4,SplitK,3,0.266847,515.047,512
4096,4096,4096,Heuristic,4,SplitK,4,0.314209,437.413,512
4096,4096,4096,Heuristic,8,SplitK,1,0.16295,843.44,512
4096,4096,4096,Heuristic,8,SplitK,2,0.21528,638.42,512
4096,4096,4096,Heuristic,8,SplitK,3,0.265944,516.797,512
4096,4096,4096,Heuristic,8,SplitK,4,0.315599,435.486,512
4096,4096,4096,Along N,1,SplitK,1,0.194921,705.1,512
4096,4096,4096,Along N,1,SplitK,2,0.232678,590.684,512
4096,4096,4096,Along N,1,SplitK,3,0.277621,495.059,512
4096,4096,4096,Along N,1,SplitK,4,0.33044,415.928,512
4096,4096,4096,Along N,2,SplitK,1,0.162974,843.318,512
4096,4096,4096,Along N,2,SplitK,2,0.21888,627.92,512
4096,4096,4096,Along N,2,SplitK,3,0.269636,509.721,512
4096,4096,4096,Along N,2,SplitK,4,0.315014,436.295,512
4096,4096,4096,Along N,4,SplitK,1,0.163402,841.108,512
4096,4096,4096,Along N,4,SplitK,2,0.214871,639.634,512
4096,4096,4096,Along N,4,SplitK,3,0.264831,518.969,512
4096,4096,4096,Along N,4,SplitK,4,0.314587,436.887,512
4096,4096,4096,Along N,8,SplitK,1,0.162774,844.356,512
4096,4096,4096,Along N,8,SplitK,2,0.21693,633.563,512
4096,4096,4096,Along N,8,SplitK,3,0.265069,518.502,512
4096,4096,4096,Along N,8,SplitK,4,0.315068,436.22,512
4096,4096,4096,Along M,1,SplitK,1,0.161734,849.783,512
4096,4096,4096,Along M,1,SplitK,2,0.21608,636.056,512
4096,4096,4096,Along M,1,SplitK,3,0.266513,515.693,512
4096,4096,4096,Along M,1,SplitK,4,0.315034,436.268,512
4096,4096,4096,Along M,2,SplitK,1,0.162927,843.56,512
4096,4096,4096,Along M,2,SplitK,2,0.216172,635.785,512
4096,4096,4096,Along M,2,SplitK,3,0.266124,516.448,512
4096,4096,4096,Along M,2,SplitK,4,0.315654,435.41,512
4096,4096,4096,Along M,4,SplitK,1,0.164014,837.97,512
4096,4096,4096,Along M,4,SplitK,2,0.217745,631.193,512
4096,4096,4096,Along M,4,SplitK,3,0.269331,510.298,512
4096,4096,4096,Along M,4,SplitK,4,0.319484,430.19,512
4096,4096,4096,Along M,8,SplitK,1,0.163429,840.971,512
4096,4096,4096,Along M,8,SplitK,2,0.221046,621.767,512
4096,4096,4096,Along M,8,SplitK,3,0.269787,509.435,512
4096,4096,4096,Along M,8,SplitK,4,0.32042,428.933,512
4096,4096,4096,Heuristic,1,DataParallel,1,0.19724,696.81,512
4096,4096,4096,Heuristic,2,DataParallel,1,0.161764,849.629,512
4096,4096,4096,Heuristic,4,DataParallel,1,0.161892,848.955,512
4096,4096,4096,Heuristic,8,DataParallel,1,0.163337,841.444,512
4096,4096,4096,Along N,1,DataParallel,1,0.191502,717.688,512
4096,4096,4096,Along N,2,DataParallel,1,0.161422,851.426,512
4096,4096,4096,Along N,4,DataParallel,1,0.161698,849.972,512
4096,4096,4096,Along N,8,DataParallel,1,0.162078,847.982,512
4096,4096,4096,Along M,1,DataParallel,1,0.161186,852.672,512
4096,4096,4096,Along M,2,DataParallel,1,0.161108,853.083,512
4096,4096,4096,Along M,4,DataParallel,1,0.161627,850.349,512
4096,4096,4096,Along M,8,DataParallel,1,0.162031,848.228,512
6144,6144,6144,Heuristic,1,Heuristic,1,0.697996,664.554,1152
6144,6144,6144,Heuristic,2,Heuristic,1,0.526985,880.209,1152
6144,6144,6144,Heuristic,4,Heuristic,1,0.535909,865.55,1152
6144,6144,6144,Heuristic,8,Heuristic,1,0.536954,863.866,1152
6144,6144,6144,Along N,1,Heuristic,1,0.70149,661.245,1152
6144,6144,6144,Along N,2,Heuristic,1,0.542742,854.654,1152
6144,6144,6144,Along N,4,Heuristic,1,0.557452,832.102,1152
6144,6144,6144,Along N,8,Heuristic,1,0.522931,887.033,1152
6144,6144,6144,Along M,1,Heuristic,1,0.527976,878.556,1152
6144,6144,6144,Along M,2,Heuristic,1,0.541316,856.904,1152
6144,6144,6144,Along M,4,Heuristic,1,0.523532,886.013,1152
6144,6144,6144,Along M,8,Heuristic,1,0.537329,863.263,1152
6144,6144,6144,Heuristic,1,StreamK,1,0.763562,607.49,1152
6144,6144,6144,Heuristic,2,StreamK,1,0.5738,808.394,1152
6144,6144,6144,Heuristic,4,StreamK,1,0.533263,869.846,1152
6144,6144,6144,Heuristic,8,StreamK,1,0.525742,882.29,1152
6144,6144,6144,Along N,1,StreamK,1,0.721862,642.583,1152
6144,6144,6144,Along N,2,StreamK,1,0.553233,838.447,1152
6144,6144,6144,Along N,4,StreamK,1,0.551216,841.515,1152
6144,6144,6144,Along N,8,StreamK,1,0.544994,851.122,1152
6144,6144,6144,Along M,1,StreamK,1,0.564423,821.825,1152
6144,6144,6144,Along M,2,StreamK,1,0.567861,816.849,1152
6144,6144,6144,Along M,4,StreamK,1,0.626626,740.245,1152
6144,6144,6144,Along M,8,StreamK,1,0.664516,698.037,1152
6144,6144,6144,Heuristic,1,SplitK,1,0.690703,671.571,1152
6144,6144,6144,Heuristic,1,SplitK,2,0.756489,613.17,1152
6144,6144,6144,Heuristic,1,SplitK,3,0.814424,569.552,1152
6144,6144,6144,Heuristic,1,SplitK,4,0.893824,518.957,1152
6144,6144,6144,Heuristic,2,SplitK,1,0.555491,835.038,1152
6144,6144,6144,Heuristic,2,SplitK,2,0.659219,703.646,1152
6144,6144,6144,Heuristic,2,SplitK,3,0.746498,621.377,1152
6144,6144,6144,Heuristic,2,SplitK,4,0.82535,562.012,1152
6144,6144,6144,Heuristic,4,SplitK,1,0.534486,867.855,1152
6144,6144,6144,Heuristic,4,SplitK,2,0.647874,715.967,1152
6144,6144,6144,Heuristic,4,SplitK,3,0.743494,623.888,1152
6144,6144,6144,Heuristic,4,SplitK,4,0.818791,566.514,1152
6144,6144,6144,Heuristic,8,SplitK,1,0.56188,825.543,1152
6144,6144,6144,Heuristic,8,SplitK,2,0.653075,710.265,1152
6144,6144,6144,Heuristic,8,SplitK,3,0.724014,640.674,1152
6144,6144,6144,Heuristic,8,SplitK,4,0.799801,579.965,1152
6144,6144,6144,Along N,1,SplitK,1,0.681845,680.296,1152
6144,6144,6144,Along N,1,SplitK,2,0.773144,599.961,1152
6144,6144,6144,Along N,1,SplitK,3,0.819949,565.714,1152
6144,6144,6144,Along N,1,SplitK,4,0.877431,528.653,1152
6144,6144,6144,Along N,2,SplitK,1,0.530505,874.368,1152
6144,6144,6144,Along N,2,SplitK,2,0.650507,713.069,1152
6144,6144,6144,Along N,2,SplitK,3,0.749862,618.589,1152
6144,6144,6144,Along N,2,SplitK,4,0.821282,564.796,1152
6144,6144,6144,Along N,4,SplitK,1,0.563041,823.842,1152
6144,6144,6144,Along N,4,SplitK,2,0.654348,708.883,1152
6144,6144,6144,Along N,4,SplitK,3,0.730125,635.311,1152
6144,6144,6144,Along N,4,SplitK,4,0.812061,571.209,1152
6144,6144,6144,Along N,8,SplitK,1,0.541903,855.977,1152
6144,6144,6144,Along N,8,SplitK,2,0.651934,711.508,1152
6144,6144,6144,Along N,8,SplitK,3,0.726843,638.18,1152
6144,6144,6144,Along N,8,SplitK,4,0.813189,570.416,1152
6144,6144,6144,Along M,1,SplitK,1,0.543848,852.916,1152
6144,6144,6144,Along M,1,SplitK,2,0.669817,692.512,1152
6144,6144,6144,Along M,1,SplitK,3,0.78109,593.858,1152
6144,6144,6144,Along M,1,SplitK,4,0.841477,551.241,1152
6144,6144,6144,Along M,2,SplitK,1,0.551699,840.779,1152
6144,6144,6144,Along M,2,SplitK,2,0.668782,693.584,1152
6144,6144,6144,Along M,2,SplitK,3,0.750182,618.325,1152
6144,6144,6144,Along M,2,SplitK,4,0.821682,564.521,1152
6144,6144,6144,Along M,4,SplitK,1,0.536716,864.249,1152
6144,6144,6144,Along M,4,SplitK,2,0.657332,705.666,1152
6144,6144,6144,Along M,4,SplitK,3,0.736238,630.036,1152
6144,6144,6144,Along M,4,SplitK,4,0.820061,565.636,1152
6144,6144,6144,Along M,8,SplitK,1,0.542221,855.475,1152
6144,6144,6144,Along M,8,SplitK,2,0.688786,673.44,1152
6144,6144,6144,Along M,8,SplitK,3,0.75588,613.664,1152
6144,6144,6144,Along M,8,SplitK,4,0.8433,550.049,1152
6144,6144,6144,Heuristic,1,DataParallel,1,0.704966,657.984,1152
6144,6144,6144,Heuristic,2,DataParallel,1,0.54876,845.281,1152
6144,6144,6144,Heuristic,4,DataParallel,1,0.538296,861.713,1152
6144,6144,6144,Heuristic,8,DataParallel,1,0.548681,845.403,1152
6144,6144,6144,Along N,1,DataParallel,1,0.697471,665.055,1152
6144,6144,6144,Along N,2,DataParallel,1,0.539559,859.696,1152
6144,6144,6144,Along N,4,DataParallel,1,0.5308,873.882,1152
6144,6144,6144,Along N,8,DataParallel,1,0.523991,885.238,1152
6144,6144,6144,Along M,1,DataParallel,1,0.528038,878.452,1152
6144,6144,6144,Along M,2,DataParallel,1,0.571347,811.865,1152
6144,6144,6144,Along M,4,DataParallel,1,0.534382,868.024,1152
6144,6144,6144,Along M,8,DataParallel,1,0.564416,821.834,1152
8192,8192,8192,Heuristic,1,Heuristic,1,1.62868,675.093,2048
8192,8192,8192,Heuristic,2,Heuristic,1,1.38493,793.911,2048
8192,8192,8192,Heuristic,4,Heuristic,1,1.33298,824.852,2048
8192,8192,8192,Heuristic,8,Heuristic,1,1.36204,807.256,2048
8192,8192,8192,Along N,1,Heuristic,1,1.70649,644.311,2048
8192,8192,8192,Along N,2,Heuristic,1,1.3453,817.297,2048
8192,8192,8192,Along N,4,Heuristic,1,1.35704,810.229,2048
8192,8192,8192,Along N,8,Heuristic,1,1.35324,812.505,2048
8192,8192,8192,Along M,1,Heuristic,1,1.3403,820.349,2048
8192,8192,8192,Along M,2,Heuristic,1,1.38208,795.55,2048
8192,8192,8192,Along M,4,Heuristic,1,1.36768,803.927,2048
8192,8192,8192,Along M,8,Heuristic,1,1.37737,798.269,2048
8192,8192,8192,Heuristic,1,StreamK,1,1.97699,556.154,2048
8192,8192,8192,Heuristic,2,StreamK,1,1.35912,808.986,2048
8192,8192,8192,Heuristic,4,StreamK,1,1.32785,828.038,2048
8192,8192,8192,Heuristic,8,StreamK,1,1.34501,817.477,2048
8192,8192,8192,Along N,1,StreamK,1,1.75709,625.756,2048
8192,8192,8192,Along N,2,StreamK,1,1.33449,823.917,2048
8192,8192,8192,Along N,4,StreamK,1,1.35629,810.677,2048
8192,8192,8192,Along N,8,StreamK,1,1.31977,833.11,2048
8192,8192,8192,Along M,1,StreamK,1,1.36034,808.265,2048
8192,8192,8192,Along M,2,StreamK,1,1.36068,808.06,2048
8192,8192,8192,Along M,4,StreamK,1,1.38783,792.25,2048
8192,8192,8192,Along M,8,StreamK,1,1.45264,756.908,2048
8192,8192,8192,Heuristic,1,SplitK,1,1.66321,661.078,2048
8192,8192,8192,Heuristic,1,SplitK,2,1.7137,641.601,2048
8192,8192,8192,Heuristic,1,SplitK,3,1.77266,620.261,2048
8192,8192,8192,Heuristic,1,SplitK,4,1.90753,576.404,2048
8192,8192,8192,Heuristic,2,SplitK,1,1.35522,811.314,2048
8192,8192,8192,Heuristic,2,SplitK,2,1.54233,712.89,2048
8192,8192,8192,Heuristic,2,SplitK,3,1.66315,661.103,2048
8192,8192,8192,Heuristic,2,SplitK,4,1.76527,622.857,2048
8192,8192,8192,Heuristic,4,SplitK,1,1.37567,799.254,2048
8192,8192,8192,Heuristic,4,SplitK,2,1.52313,721.878,2048
8192,8192,8192,Heuristic,4,SplitK,3,1.63255,673.492,2048
8192,8192,8192,Heuristic,4,SplitK,4,1.73918,632.203,2048
8192,8192,8192,Heuristic,8,SplitK,1,1.34665,816.482,2048
8192,8192,8192,Heuristic,8,SplitK,2,1.47398,745.949,2048
8192,8192,8192,Heuristic,8,SplitK,3,1.58157,695.202,2048
8192,8192,8192,Heuristic,8,SplitK,4,1.71113,642.563,2048
8192,8192,8192,Along N,1,SplitK,1,1.63835,671.109,2048
8192,8192,8192,Along N,1,SplitK,2,1.73184,634.881,2048
8192,8192,8192,Along N,1,SplitK,3,1.78554,615.785,2048
8192,8192,8192,Along N,1,SplitK,4,1.89262,580.945,2048
8192,8192,8192,Along N,2,SplitK,1,1.37719,798.375,2048
8192,8192,8192,Along N,2,SplitK,2,1.55482,707.162,2048
8192,8192,8192,Along N,2,SplitK,3,1.66608,659.94,2048
8192,8192,8192,Along N,2,SplitK,4,1.76618,622.536,2048
8192,8192,8192,Along N,4,SplitK,1,1.36226,807.125,2048
8192,8192,8192,Along N,4,SplitK,2,1.51453,725.974,2048
8192,8192,8192,Along N,4,SplitK,3,1.64144,669.845,2048
8192,8192,8192,Along N,4,SplitK,4,1.72984,635.616,2048
8192,8192,8192,Along N,8,SplitK,1,1.34552,817.164,2048
8192,8192,8192,Along N,8,SplitK,2,1.43369,766.912,2048
8192,8192,8192,Along N,8,SplitK,3,1.55535,706.921,2048
8192,8192,8192,Along N,8,SplitK,4,1.69214,649.775,2048
8192,8192,8192,Along M,1,SplitK,1,1.36975,802.713,2048
8192,8192,8192,Along M,1,SplitK,2,1.5475,710.507,2048
8192,8192,8192,Along M,1,SplitK,3,1.69992,646.802,2048
8192,8192,8192,Along M,1,SplitK,4,1.92474,571.252,2048
8192,8192,8192,Along M,2,SplitK,1,1.34975,814.602,2048
8192,8192,8192,Along M,2,SplitK,2,1.51237,727.013,2048
8192,8192,8192,Along M,2,SplitK,3,1.69152,650.013,2048
8192,8192,8192,Along M,2,SplitK,4,1.86771,588.695,2048
8192,8192,8192,Along M,4,SplitK,1,1.33292,824.89,2048
8192,8192,8192,Along M,4,SplitK,2,1.45407,756.164,2048
8192,8192,8192,Along M,4,SplitK,3,1.59005,691.494,2048
8192,8192,8192,Along M,4,SplitK,4,1.74072,631.643,2048
8192,8192,8192,Along M,8,SplitK,1,1.36991,802.618,2048
8192,8192,8192,Along M,8,SplitK,2,1.55529,706.95,2048
8192,8192,8192,Along M,8,SplitK,3,1.64422,668.715,2048
8192,8192,8192,Along M,8,SplitK,4,1.78315,616.611,2048
8192,8192,8192,Heuristic,1,DataParallel,1,1.7086,643.516,2048
8192,8192,8192,Heuristic,2,DataParallel,1,1.35217,813.146,2048
8192,8192,8192,Heuristic,4,DataParallel,1,1.36916,803.057,2048
8192,8192,8192,Heuristic,8,DataParallel,1,1.38294,795.053,2048
8192,8192,8192,Along N,1,DataParallel,1,1.6472,667.502,2048
8192,8192,8192,Along N,2,DataParallel,1,1.33858,821.403,2048
8192,8192,8192,Along N,4,DataParallel,1,1.35104,813.826,2048
8192,8192,8192,Along N,8,DataParallel,1,1.36783,803.834,2048
8192,8192,8192,Along M,1,DataParallel,1,1.36496,805.524,2048
8192,8192,8192,Along M,2,DataParallel,1,1.32056,832.612,2048
8192,8192,8192,Along M,4,DataParallel,1,1.28567,855.203,2048
8192,8192,8192,Along M,8,DataParallel,1,1.33939,820.904,2048

